1,5,1,25,1,0,20,9,20
2,5,1,20,0,9,15,11,15
3,5,1,15,0,9,15,12,15
4,5,1,15,0,9,15,6,15
5,5,1,15,0,9,15,10,15
6,5,1,15,0,9,15,8,15
7,5,1,15,0,9,15,9,37
8,5,1,37,1,0,32,5,32
9,5,1,32,0,5,27,10,27
10,5,1,27,0,5,27,11,27
11,5,1,27,0,5,27,8,27
12,5,1,27,0,5,27,9,27
13,5,1,27,0,5,27,7,27
14,5,1,27,1,0,22,4,22
15,5,1,22,0,4,17,10,17
16,5,1,17,0,4,17,7,17
17,5,1,17,1,0,12,7,22
18,5,1,22,1,0,17,9,17
19,5,1,17,0,9,12,6,12
20,5,1,12,0,9,12,6,12
21,5,1,12,0,9,12,3,12
22,5,1,12,0,9,12,7,12
23,5,1,12,1,0,7,3,7
24,5,1,7,1,0,2,10,2
25,5,1,2,0,10,2,9,2
26,5,1,2,0,10,2,9,2
27,5,1,2,0,10,2,4,2
28,5,1,2,0,10,2,8,2
29,5,1,2,0,10,2,11,2
30,5,1,2,0,10,2,4,2
31,5,1,2,0,10,2,7,2
32,5,1,25,1,0,20,7,30
33,5,1,30,1,0,25,4,25
34,5,1,25,0,4,20,4,45
35,5,1,25,1,0,20,6,20
36,5,1,20,0,6,15,5,15
37,5,1,15,0,6,15,11,15
38,5,1,15,0,6,15,4,15
39,5,1,15,0,6,15,11,15
40,5,1,15,0,6,15,5,15
41,5,1,15,0,6,15,3,15
42,5,1,15,0,6,15,3,15
43,5,1,15,0,6,15,3,15
44,5,1,15,0,6,15,6,36
45,5,1,36,1,0,31,8,31
46,5,1,31,0,8,26,6,26
47,5,1,26,0,8,26,11,26
48,5,1,26,0,8,26,4,26
49,5,1,26,0,8,26,8,47
50,5,1,25,1,0,20,7,30
51,5,1,30,1,0,25,11,35
52,5,1,35,1,0,30,3,30
53,5,1,30,1,0,25,6,25
54,5,1,25,0,6,20,6,41
55,5,1,25,1,0,20,7,30
56,5,1,30,1,0,25,5,25
57,5,1,25,0,5,20,6,20
58,5,1,20,0,5,20,8,20
59,5,1,20,0,5,20,10,20
60,5,1,20,0,5,20,8,20
61,5,1,20,0,5,20,4,20
62,5,1,20,0,5,20,7,20
63,5,1,20,1,0,15,9,15
64,5,1,15,0,9,10,7,10
65,5,1,10,1,0,5,7,15
66,5,1,15,1,0,10,10,10
67,5,1,10,0,10,5,10,30
68,5,1,30,1,0,25,5,25
69,5,1,25,0,5,20,7,20
70,5,1,20,1,0,15,11,25
71,5,1,25,1,0,20,6,20
72,5,1,20,0,6,15,10,15
73,5,1,15,0,6,15,12,15
74,5,1,15,0,6,15,8,15
75,5,1,15,0,6,15,9,15
76,5,1,15,0,6,15,8,15
77,5,1,15,0,6,15,12,15
78,5,1,15,0,6,15,6,36
79,5,1,36,1,0,31,10,31
80,5,1,31,0,10,26,8,26
81,5,1,26,0,10,26,9,26
82,5,1,26,0,10,26,5,26
83,5,1,26,0,10,26,5,26
84,5,1,26,0,10,26,8,26
85,5,1,26,0,10,26,3,26
86,5,1,26,0,10,26,9,26
87,5,1,26,0,10,26,7,26
88,5,1,26,1,0,21,7,31
89,5,1,31,1,0,26,3,26
90,5,1,26,1,0,21,7,31
91,5,1,31,1,0,26,9,26
92,5,1,26,0,9,21,10,21
93,5,1,21,0,9,21,12,21
94,5,1,21,0,9,21,6,21
95,5,1,21,0,9,21,6,21
96,5,1,21,0,9,21,12,21
97,5,1,21,0,9,21,4,21
98,5,1,21,0,9,21,7,21
99,5,1,21,1,0,16,8,16
100,5,1,16,0,8,11,8,32
101,5,1,32,1,0,27,5,27
102,5,1,27,0,5,22,3,22
103,5,1,22,0,5,22,9,22
104,5,1,22,0,5,22,6,22
105,5,1,22,0,5,22,9,22
106,5,1,22,0,5,22,9,22
107,5,1,22,0,5,22,7,22
108,5,1,22,1,0,17,8,17
109,5,1,17,0,8,12,8,33
110,5,1,33,1,0,28,10,28
111,5,1,28,0,10,23,7,23
112,5,1,23,1,0,18,3,18
113,5,1,18,1,0,13,11,23
114,5,1,23,1,0,18,7,28
115,5,1,28,1,0,23,7,33
116,5,1,33,1,0,28,4,28
117,5,1,28,0,4,23,2,23
118,5,1,23,0,4,23,11,23
119,5,1,23,0,4,23,5,23
120,5,1,23,0,4,23,6,23
121,5,1,23,0,4,23,6,23
122,5,1,23,0,4,23,6,23
123,5,1,23,0,4,23,3,23
124,5,1,23,0,4,23,5,23
125,5,1,23,0,4,23,4,48
126,5,1,25,1,0,20,9,20
127,5,1,20,0,9,15,9,37
128,5,1,37,1,0,32,2,32
129,5,1,32,1,0,27,7,37
130,5,1,37,1,0,32,8,32
131,5,1,32,0,8,27,6,27
132,5,1,27,0,8,27,4,27
133,5,1,27,0,8,27,4,27
134,5,1,27,0,8,27,8,48
135,5,1,25,1,0,20,9,20
136,5,1,20,0,9,15,7,15
137,5,1,15,1,0,10,9,10
138,5,1,10,0,9,5,6,5
139,5,1,5,0,9,5,7,5
140,5,1,5,1,0,0,12,0
141,5,1,25,1,0,20,6,20
142,5,1,20,0,6,15,12,15
143,5,1,15,0,6,15,7,15
144,5,1,15,1,0,10,9,10
145,5,1,10,0,9,5,3,5
146,5,1,5,0,9,5,11,5
147,5,1,5,0,9,5,10,5
148,5,1,5,0,9,5,10,5
149,5,1,5,0,9,5,10,5
150,5,1,5,0,9,5,7,5
151,5,1,5,1,0,0,4,0
152,5,1,0,0,4,0,2,0
153,5,1,0,0,4,0,12,0
154,5,1,0,0,4,0,12,0
155,5,1,0,0,4,0,7,0
156,5,1,25,1,0,20,3,20
157,5,1,20,1,0,15,6,15
158,5,1,15,0,6,10,7,10
159,5,1,10,1,0,5,3,5
160,5,1,5,1,0,0,10,0
161,5,1,0,0,10,0,8,0
162,5,1,0,0,10,0,5,0
163,5,1,0,0,10,0,9,0
164,5,1,0,0,10,0,3,0
165,5,1,0,0,10,0,8,0
166,5,1,0,0,10,0,8,0
167,5,1,0,0,10,0,11,0
168,5,1,0,0,10,0,5,0
169,5,1,0,0,10,0,7,0
170,5,1,25,1,0,20,8,20
171,5,1,20,0,8,15,8,36
172,5,1,36,1,0,31,7,41
173,5,1,25,1,0,20,9,20
174,5,1,20,0,9,15,4,15
175,5,1,15,0,9,15,5,15
176,5,1,15,0,9,15,4,15
177,5,1,15,0,9,15,5,15
178,5,1,15,0,9,15,11,15
179,5,1,15,0,9,15,4,15
180,5,1,15,0,9,15,7,15
181,5,1,15,1,0,10,8,10
182,5,1,10,0,8,5,10,5
183,5,1,5,0,8,5,7,5
184,5,1,5,1,0,0,11,10
185,5,1,10,1,0,5,4,5
186,5,1,5,0,4,0,8,0
187,5,1,0,0,4,0,4,25
188,5,1,25,1,0,20,9,20
189,5,1,20,0,9,15,8,15
190,5,1,15,0,9,15,5,15
191,5,1,15,0,9,15,2,15
192,5,1,15,0,9,15,5,15
193,5,1,15,0,9,15,7,15
194,5,1,15,1,0,10,6,10
195,5,1,10,0,6,5,9,5
196,5,1,5,0,6,5,10,5
197,5,1,5,0,6,5,9,5
198,5,1,5,0,6,5,9,5
199,5,1,5,0,6,5,10,5
200,5,1,5,0,6,5,9,5
201,5,1,5,0,6,5,5,5
202,5,1,5,0,6,5,8,5
203,5,1,5,0,6,5,6,26
204,5,1,26,1,0,21,9,21
205,5,1,21,0,9,16,6,16
206,5,1,16,0,9,16,11,16
207,5,1,16,0,9,16,12,16
208,5,1,16,0,9,16,5,16
209,5,1,16,0,9,16,2,16
210,5,1,16,0,9,16,9,38
211,5,1,25,1,0,20,7,30
212,5,1,30,1,0,25,5,25
213,5,1,25,0,5,20,9,20
214,5,1,20,0,5,20,9,20
215,5,1,20,0,5,20,10,20
216,5,1,20,0,5,20,6,20
217,5,1,20,0,5,20,6,20
218,5,1,20,0,5,20,7,20
219,5,1,20,1,0,15,8,15
220,5,1,15,0,8,10,9,10
221,5,1,10,0,8,10,6,10
222,5,1,10,0,8,10,8,31
223,5,1,31,1,0,26,4,26
224,5,1,26,0,4,21,3,21
225,5,1,21,0,4,21,5,21
226,5,1,21,0,4,21,4,46
227,5,1,25,1,0,20,10,20
228,5,1,20,0,10,15,9,15
229,5,1,15,0,10,15,4,15
230,5,1,15,0,10,15,5,15
231,5,1,15,0,10,15,7,15
232,5,1,15,1,0,10,2,10
233,5,1,10,1,0,5,10,5
234,5,1,5,0,10,0,9,0
235,5,1,0,0,10,0,3,0
236,5,1,0,0,10,0,7,0
237,5,1,25,1,0,20,7,30
238,5,1,30,1,0,25,8,25
239,5,1,25,0,8,20,9,20
240,5,1,20,0,8,20,10,20
241,5,1,20,0,8,20,7,20
242,5,1,20,1,0,15,10,15
243,5,1,15,0,10,10,11,10
244,5,1,10,0,10,10,10,35
245,5,1,35,1,0,30,7,40
246,5,1,25,1,0,20,7,30
247,5,1,30,1,0,25,4,25
248,5,1,25,0,4,20,11,20
249,5,1,20,0,4,20,3,20
250,5,1,20,0,4,20,9,20
251,5,1,20,0,4,20,10,20
252,5,1,20,0,4,20,10,20
253,5,1,20,0,4,20,5,20
254,5,1,20,0,4,20,9,20
255,5,1,20,0,4,20,4,45
256,5,1,25,1,0,20,5,20
257,5,1,20,0,5,15,7,15
258,5,1,15,1,0,10,7,20
259,5,1,20,1,0,15,8,15
260,5,1,15,0,8,10,8,31
261,5,1,31,1,0,26,7,36
262,5,1,36,1,0,31,7,41
263,5,1,25,1,0,20,3,20
264,5,1,20,1,0,15,9,15
265,5,1,15,0,9,10,9,32
266,5,1,32,1,0,27,7,37
267,5,1,37,1,0,32,9,32
268,5,1,32,0,9,27,5,27
269,5,1,27,0,9,27,5,27
270,5,1,27,0,9,27,6,27
271,5,1,27,0,9,27,3,27
272,5,1,27,0,9,27,9,49
273,5,1,25,1,0,20,7,30
274,5,1,30,1,0,25,7,35
275,5,1,35,1,0,30,3,30
276,5,1,30,1,0,25,11,35
277,5,1,35,1,0,30,7,40
278,5,1,25,1,0,20,2,20
279,5,1,20,1,0,15,7,25
280,5,1,25,1,0,20,7,30
281,5,1,30,1,0,25,6,25
282,5,1,25,0,6,20,8,20
283,5,1,20,0,6,20,10,20
284,5,1,20,0,6,20,6,41
285,5,1,25,1,0,20,5,20
286,5,1,20,0,5,15,3,15
287,5,1,15,0,5,15,11,15
288,5,1,15,0,5,15,7,15
289,5,1,15,1,0,10,9,10
290,5,1,10,0,9,5,2,5
291,5,1,5,0,9,5,6,5
292,5,1,5,0,9,5,8,5
293,5,1,5,0,9,5,6,5
294,5,1,5,0,9,5,6,5
295,5,1,5,0,9,5,11,5
296,5,1,5,0,9,5,8,5
297,5,1,5,0,9,5,9,27
298,5,1,27,1,0,22,7,32
299,5,1,32,1,0,27,11,37
300,5,1,37,1,0,32,6,32
301,5,1,32,0,6,27,7,27
302,5,1,27,1,0,22,3,22
303,5,1,22,1,0,17,12,17
304,5,1,17,1,0,12,6,12
305,5,1,12,0,6,7,8,7
306,5,1,7,0,6,7,8,7
307,5,1,7,0,6,7,9,7
308,5,1,7,0,6,7,9,7
309,5,1,7,0,6,7,7,7
310,5,1,7,1,0,2,6,2
311,5,1,2,0,6,2,6,12
312,5,1,12,1,0,7,6,7
313,5,1,7,0,6,2,9,2
314,5,1,2,0,6,2,8,2
315,5,1,2,0,6,2,8,2
316,5,1,2,0,6,2,5,2
317,5,1,2,0,6,2,9,2
318,5,1,2,0,6,2,4,2
319,5,1,2,0,6,2,8,2
320,5,1,2,0,6,2,9,2
321,5,1,2,0,6,2,9,2
322,5,1,2,0,6,2,6,23
323,5,1,23,1,0,18,3,18
324,5,1,18,1,0,13,5,13
325,5,1,13,0,5,8,6,8
326,5,1,8,0,5,8,4,8
327,5,1,8,0,5,8,8,8
328,5,1,8,0,5,8,8,8
329,5,1,8,0,5,8,8,8
330,5,1,8,0,5,8,5,30
331,5,1,30,1,0,25,7,35
332,5,1,35,1,0,30,4,30
333,5,1,30,0,4,25,7,25
334,5,1,25,1,0,20,11,30
335,5,1,30,1,0,25,7,35
336,5,1,35,1,0,30,9,30
337,5,1,30,0,9,25,8,25
338,5,1,25,0,9,25,10,25
339,5,1,25,0,9,25,3,25
340,5,1,25,0,9,25,9,47
341,5,1,25,1,0,20,5,20
342,5,1,20,0,5,15,6,15
343,5,1,15,0,5,15,5,37
344,5,1,37,1,0,32,5,32
345,5,1,32,0,5,27,9,27
346,5,1,27,0,5,27,9,27
347,5,1,27,0,5,27,9,27
348,5,1,27,0,5,27,11,27
349,5,1,27,0,5,27,9,27
350,5,1,27,0,5,27,11,27
351,5,1,27,0,5,27,9,27
352,5,1,27,0,5,27,4,27
353,5,1,27,0,5,27,12,27
354,5,1,27,0,5,27,8,27
355,5,1,27,0,5,27,10,27
356,5,1,27,0,5,27,6,27
357,5,1,27,0,5,27,10,27
358,5,1,27,0,5,27,6,27
359,5,1,27,0,5,27,7,27
360,5,1,27,1,0,22,11,32
361,5,1,32,1,0,27,5,27
362,5,1,27,0,5,22,9,22
363,5,1,22,0,5,22,8,22
364,5,1,22,0,5,22,4,22
365,5,1,22,0,5,22,9,22
366,5,1,22,0,5,22,9,22
367,5,1,22,0,5,22,8,22
368,5,1,22,0,5,22,5,44
369,5,1,25,1,0,20,4,20
370,5,1,20,0,4,15,3,15
371,5,1,15,0,4,15,2,15
372,5,1,15,0,4,15,9,15
373,5,1,15,0,4,15,9,15
374,5,1,15,0,4,15,4,40
375,5,1,25,1,0,20,4,20
376,5,1,20,0,4,15,6,15
377,5,1,15,0,4,15,9,15
378,5,1,15,0,4,15,2,15
379,5,1,15,0,4,15,3,15
380,5,1,15,0,4,15,6,15
381,5,1,15,0,4,15,12,15
382,5,1,15,0,4,15,10,15
383,5,1,15,0,4,15,7,15
384,5,1,15,1,0,10,9,10
385,5,1,10,0,9,5,7,5
386,5,1,5,1,0,0,4,0
387,5,1,0,0,4,0,6,0
388,5,1,0,0,4,0,2,0
389,5,1,0,0,4,0,2,0
390,5,1,0,0,4,0,4,10
391,5,1,10,1,0,5,4,5
392,5,1,5,0,4,0,7,0
393,5,1,25,1,0,20,8,20
394,5,1,20,0,8,15,7,15
395,5,1,15,1,0,10,5,10
396,5,1,10,0,5,5,7,5
397,5,1,5,1,0,0,6,0
398,5,1,0,0,6,0,7,0
399,5,1,25,1,0,20,9,20
400,5,1,20,0,9,15,4,15
401,5,1,15,0,9,15,9,37
402,5,1,37,1,0,32,5,32
403,5,1,32,0,5,27,6,27
404,5,1,27,0,5,27,8,27
405,5,1,27,0,5,27,8,27
406,5,1,27,0,5,27,5,49
407,5,1,25,1,0,20,6,20
408,5,1,20,0,6,15,6,36
409,5,1,36,1,0,31,6,31
410,5,1,31,0,6,26,6,47
411,5,1,25,1,0,20,10,20
412,5,1,20,0,10,15,8,15
413,5,1,15,0,10,15,8,15
414,5,1,15,0,10,15,7,15
415,5,1,15,1,0,10,10,10
416,5,1,10,0,10,5,9,5
417,5,1,5,0,10,5,3,5
418,5,1,5,0,10,5,10,30
419,5,1,30,1,0,25,6,25
420,5,1,25,0,6,20,9,20
421,5,1,20,0,6,20,6,41
422,5,1,25,1,0,20,10,20
423,5,1,20,0,10,15,8,15
424,5,1,15,0,10,15,6,15
425,5,1,15,0,10,15,12,15
426,5,1,15,0,10,15,12,15
427,5,1,15,0,10,15,6,15
428,5,1,15,0,10,15,2,15
429,5,1,15,0,10,15,8,15
430,5,1,15,0,10,15,8,15
431,5,1,15,0,10,15,6,15
432,5,1,15,0,10,15,9,15
433,5,1,15,0,10,15,5,15
434,5,1,15,0,10,15,8,15
435,5,1,15,0,10,15,10,40
436,5,1,25,1,0,20,3,20
437,5,1,20,1,0,15,11,25
438,5,1,25,1,0,20,5,20
439,5,1,20,0,5,15,12,15
440,5,1,15,0,5,15,11,15
441,5,1,15,0,5,15,8,15
442,5,1,15,0,5,15,7,15
443,5,1,15,1,0,10,4,10
444,5,1,10,0,4,5,8,5
445,5,1,5,0,4,5,7,5
446,5,1,5,1,0,0,8,0
447,5,1,0,0,8,0,10,0
448,5,1,0,0,8,0,7,0
449,5,1,25,1,0,20,11,30
450,5,1,30,1,0,25,4,25
451,5,1,25,0,4,20,9,20
452,5,1,20,0,4,20,7,20
453,5,1,20,1,0,15,9,15
454,5,1,15,0,9,10,3,10
455,5,1,10,0,9,10,4,10
456,5,1,10,0,9,10,5,10
457,5,1,10,0,9,10,4,10
458,5,1,10,0,9,10,8,10
459,5,1,10,0,9,10,3,10
460,5,1,10,0,9,10,8,10
461,5,1,10,0,9,10,7,10
462,5,1,10,1,0,5,5,5
463,5,1,5,0,5,0,10,0
464,5,1,0,0,5,0,11,0
465,5,1,0,0,5,0,7,0
466,5,1,25,1,0,20,11,30
467,5,1,30,1,0,25,9,25
468,5,1,25,0,9,20,7,20
469,5,1,20,1,0,15,6,15
470,5,1,15,0,6,10,8,10
471,5,1,10,0,6,10,10,10
472,5,1,10,0,6,10,5,10
473,5,1,10,0,6,10,3,10
474,5,1,10,0,6,10,7,10
475,5,1,10,1,0,5,8,5
476,5,1,5,0,8,0,7,0
477,5,1,25,1,0,20,4,20
478,5,1,20,0,4,15,6,15
479,5,1,15,0,4,15,10,15
480,5,1,15,0,4,15,4,40
481,5,1,25,1,0,20,4,20
482,5,1,20,0,4,15,7,15
483,5,1,15,1,0,10,10,10
484,5,1,10,0,10,5,8,5
485,5,1,5,0,10,5,5,5
486,5,1,5,0,10,5,8,5
487,5,1,5,0,10,5,7,5
488,5,1,5,1,0,0,9,0
489,5,1,0,0,9,0,6,0
490,5,1,0,0,9,0,7,0
491,5,1,25,1,0,20,9,20
492,5,1,20,0,9,15,11,15
493,5,1,15,0,9,15,4,15
494,5,1,15,0,9,15,10,15
495,5,1,15,0,9,15,4,15
496,5,1,15,0,9,15,5,15
497,5,1,15,0,9,15,8,15
498,5,1,15,0,9,15,8,15
499,5,1,15,0,9,15,11,15
500,5,1,15,0,9,15,7,15
501,5,1,15,1,0,10,4,10
502,5,1,10,0,4,5,7,5
503,5,1,5,1,0,0,9,0
504,5,1,0,0,9,0,5,0
505,5,1,0,0,9,0,9,10
506,5,1,10,1,0,5,9,5
507,5,1,5,0,9,0,4,0
508,5,1,0,0,9,0,9,22
509,5,1,22,1,0,17,4,17
510,5,1,17,0,4,12,7,12
511,5,1,12,1,0,7,7,17
512,5,1,17,1,0,12,9,12
513,5,1,12,0,9,7,7,7
514,5,1,7,1,0,2,2,2
515,5,1,25,1,0,20,6,20
516,5,1,20,0,6,15,8,15
517,5,1,15,0,6,15,5,15
518,5,1,15,0,6,15,10,15
519,5,1,15,0,6,15,3,15
520,5,1,15,0,6,15,12,15
521,5,1,15,0,6,15,8,15
522,5,1,15,0,6,15,9,15
523,5,1,15,0,6,15,11,15
524,5,1,15,0,6,15,9,15
525,5,1,15,0,6,15,7,15
526,5,1,15,1,0,10,7,20
527,5,1,20,1,0,15,6,15
528,5,1,15,0,6,10,5,10
529,5,1,10,0,6,10,7,10
530,5,1,10,1,0,5,6,5
531,5,1,5,0,6,0,7,0
532,5,1,25,1,0,20,6,20
533,5,1,20,0,6,15,8,15
534,5,1,15,0,6,15,8,15
535,5,1,15,0,6,15,3,15
536,5,1,15,0,6,15,10,15
537,5,1,15,0,6,15,7,15
538,5,1,15,1,0,10,7,20
539,5,1,20,1,0,15,10,15
540,5,1,15,0,10,10,7,10
541,5,1,10,1,0,5,9,5
542,5,1,5,0,9,0,11,0
543,5,1,0,0,9,0,10,0
544,5,1,0,0,9,0,5,0
545,5,1,0,0,9,0,7,0
546,5,1,25,1,0,20,9,20
547,5,1,20,0,9,15,8,15
548,5,1,15,0,9,15,8,15
549,5,1,15,0,9,15,2,15
550,5,1,15,0,9,15,8,15
551,5,1,15,0,9,15,3,15
552,5,1,15,0,9,15,7,15
553,5,1,15,1,0,10,8,10
554,5,1,10,0,8,5,9,5
555,5,1,5,0,8,5,9,5
556,5,1,5,0,8,5,3,5
557,5,1,5,0,8,5,6,5
558,5,1,5,0,8,5,8,26
559,5,1,26,1,0,21,9,21
560,5,1,21,0,9,16,7,16
561,5,1,16,1,0,11,6,11
562,5,1,11,0,6,6,3,6
563,5,1,6,0,6,6,8,6
564,5,1,6,0,6,6,7,6
565,5,1,6,1,0,1,10,1
566,5,1,1,0,10,1,9,1
567,5,1,1,0,10,1,7,1
568,5,1,25,1,0,20,10,20
569,5,1,20,0,10,15,6,15
570,5,1,15,0,10,15,8,15
571,5,1,15,0,10,15,7,15
572,5,1,15,1,0,10,2,10
573,5,1,10,1,0,5,4,5
574,5,1,5,0,4,0,10,0
575,5,1,0,0,4,0,11,0
576,5,1,0,0,4,0,6,0
577,5,1,0,0,4,0,4,25
578,5,1,25,1,0,20,6,20
579,5,1,20,0,6,15,8,15
580,5,1,15,0,6,15,6,36
581,5,1,36,1,0,31,7,41
582,5,1,25,1,0,20,5,20
583,5,1,20,0,5,15,4,15
584,5,1,15,0,5,15,6,15
585,5,1,15,0,5,15,6,15
586,5,1,15,0,5,15,9,15
587,5,1,15,0,5,15,10,15
588,5,1,15,0,5,15,10,15
589,5,1,15,0,5,15,12,15
590,5,1,15,0,5,15,7,15
591,5,1,15,1,0,10,10,10
592,5,1,10,0,10,5,7,5
593,5,1,5,1,0,0,5,0
594,5,1,0,0,5,0,8,0
595,5,1,0,0,5,0,5,10
596,5,1,10,1,0,5,6,5
597,5,1,5,0,6,0,7,0
598,5,1,25,1,0,20,9,20
599,5,1,20,0,9,15,7,15
600,5,1,15,1,0,10,10,10
601,5,1,10,0,10,5,4,5
602,5,1,5,0,10,5,6,5
603,5,1,5,0,10,5,4,5
604,5,1,5,0,10,5,9,5
605,5,1,5,0,10,5,9,5
606,5,1,5,0,10,5,4,5
607,5,1,5,0,10,5,4,5
608,5,1,5,0,10,5,4,5
609,5,1,5,0,10,5,5,5
610,5,1,5,0,10,5,8,5
611,5,1,5,0,10,5,7,5
612,5,1,5,1,0,0,4,0
613,5,1,0,0,4,0,5,0
614,5,1,0,0,4,0,9,0
615,5,1,0,0,4,0,7,0
616,5,1,25,1,0,20,8,20
617,5,1,20,0,8,15,5,15
618,5,1,15,0,8,15,11,15
619,5,1,15,0,8,15,9,15
620,5,1,15,0,8,15,9,15
621,5,1,15,0,8,15,6,15
622,5,1,15,0,8,15,12,15
623,5,1,15,0,8,15,12,15
624,5,1,15,0,8,15,5,15
625,5,1,15,0,8,15,3,15
626,5,1,15,0,8,15,3,15
627,5,1,15,0,8,15,8,36
628,5,1,36,1,0,31,6,31
629,5,1,31,0,6,26,6,47
630,5,1,25,1,0,20,10,20
631,5,1,20,0,10,15,10,40
632,5,1,25,1,0,20,11,30
633,5,1,30,1,0,25,2,25
634,5,1,25,1,0,20,12,20
635,5,1,20,1,0,15,4,15
636,5,1,15,0,4,10,9,10
637,5,1,10,0,4,10,9,10
638,5,1,10,0,4,10,3,10
639,5,1,10,0,4,10,10,10
640,5,1,10,0,4,10,9,10
641,5,1,10,0,4,10,7,10
642,5,1,10,1,0,5,9,5
643,5,1,5,0,9,0,6,0
644,5,1,0,0,9,0,6,0
645,5,1,0,0,9,0,7,0
646,5,1,25,1,0,20,8,20
647,5,1,20,0,8,15,4,15
648,5,1,15,0,8,15,4,15
649,5,1,15,0,8,15,7,15
650,5,1,15,1,0,10,3,10
651,5,1,10,1,0,5,8,5
652,5,1,5,0,8,0,7,0
653,5,1,25,1,0,20,8,20
654,5,1,20,0,8,15,9,15
655,5,1,15,0,8,15,11,15
656,5,1,15,0,8,15,5,15
657,5,1,15,0,8,15,9,15
658,5,1,15,0,8,15,4,15
659,5,1,15,0,8,15,7,15
660,5,1,15,1,0,10,5,10
661,5,1,10,0,5,5,7,5
662,5,1,5,1,0,0,6,0
663,5,1,0,0,6,0,5,0
664,5,1,0,0,6,0,10,0
665,5,1,0,0,6,0,7,0
666,5,1,25,1,0,20,6,20
667,5,1,20,0,6,15,9,15
668,5,1,15,0,6,15,7,15
669,5,1,15,1,0,10,7,20
670,5,1,20,1,0,15,9,15
671,5,1,15,0,9,10,6,10
672,5,1,10,0,9,10,3,10
673,5,1,10,0,9,10,8,10
674,5,1,10,0,9,10,3,10
675,5,1,10,0,9,10,7,10
676,5,1,10,1,0,5,6,5
677,5,1,5,0,6,0,9,0
678,5,1,0,0,6,0,4,0
679,5,1,0,0,6,0,9,0
680,5,1,0,0,6,0,7,0
681,5,1,25,1,0,20,4,20
682,5,1,20,0,4,15,10,15
683,5,1,15,0,4,15,6,15
684,5,1,15,0,4,15,7,15
685,5,1,15,1,0,10,6,10
686,5,1,10,0,6,5,7,5
687,5,1,5,1,0,0,9,0
688,5,1,0,0,9,0,6,0
689,5,1,0,0,9,0,7,0
690,5,1,25,1,0,20,6,20
691,5,1,20,0,6,15,11,15
692,5,1,15,0,6,15,6,36
693,5,1,36,1,0,31,6,31
694,5,1,31,0,6,26,6,47
695,5,1,25,1,0,20,6,20
696,5,1,20,0,6,15,10,15
697,5,1,15,0,6,15,8,15
698,5,1,15,0,6,15,8,15
699,5,1,15,0,6,15,7,15
700,5,1,15,1,0,10,12,10
701,5,1,10,1,0,5,6,5
702,5,1,5,0,6,0,9,0
703,5,1,0,0,6,0,9,0
704,5,1,0,0,6,0,10,0
705,5,1,0,0,6,0,10,0
706,5,1,0,0,6,0,7,0
707,5,1,25,1,0,20,9,20
708,5,1,20,0,9,15,8,15
709,5,1,15,0,9,15,5,15
710,5,1,15,0,9,15,6,15
711,5,1,15,0,9,15,5,15
712,5,1,15,0,9,15,8,15
713,5,1,15,0,9,15,11,15
714,5,1,15,0,9,15,3,15
715,5,1,15,0,9,15,7,15
716,5,1,15,1,0,10,4,10
717,5,1,10,0,4,5,8,5
718,5,1,5,0,4,5,5,5
719,5,1,5,0,4,5,8,5
720,5,1,5,0,4,5,10,5
721,5,1,5,0,4,5,3,5
722,5,1,5,0,4,5,3,5
723,5,1,5,0,4,5,9,5
724,5,1,5,0,4,5,5,5
725,5,1,5,0,4,5,7,5
726,5,1,5,1,0,0,5,0
727,5,1,0,0,5,0,8,0
728,5,1,0,0,5,0,5,10
729,5,1,10,1,0,5,9,5
730,5,1,5,0,9,0,8,0
731,5,1,0,0,9,0,6,0
732,5,1,0,0,9,0,12,0
733,5,1,0,0,9,0,6,0
734,5,1,0,0,9,0,6,0
735,5,1,0,0,9,0,7,0
736,5,1,25,1,0,20,6,20
737,5,1,20,0,6,15,8,15
738,5,1,15,0,6,15,6,36
739,5,1,36,1,0,31,4,31
740,5,1,31,0,4,26,8,26
741,5,1,26,0,4,26,6,26
742,5,1,26,0,4,26,6,26
743,5,1,26,0,4,26,6,26
744,5,1,26,0,4,26,7,26
745,5,1,26,1,0,21,4,21
746,5,1,21,0,4,16,11,16
747,5,1,16,0,4,16,9,16
748,5,1,16,0,4,16,4,41
749,5,1,25,1,0,20,4,20
750,5,1,20,0,4,15,3,15
751,5,1,15,0,4,15,9,15
752,5,1,15,0,4,15,3,15
753,5,1,15,0,4,15,11,15
754,5,1,15,0,4,15,6,15
755,5,1,15,0,4,15,5,15
756,5,1,15,0,4,15,6,15
757,5,1,15,0,4,15,6,15
758,5,1,15,0,4,15,9,15
759,5,1,15,0,4,15,11,15
760,5,1,15,0,4,15,12,15
761,5,1,15,0,4,15,4,40
762,5,1,25,1,0,20,5,20
763,5,1,20,0,5,15,4,15
764,5,1,15,0,5,15,11,15
765,5,1,15,0,5,15,7,15
766,5,1,15,1,0,10,10,10
767,5,1,10,0,10,5,10,30
768,5,1,30,1,0,25,8,25
769,5,1,25,0,8,20,3,20
770,5,1,20,0,8,20,3,20
771,5,1,20,0,8,20,4,20
772,5,1,20,0,8,20,6,20
773,5,1,20,0,8,20,10,20
774,5,1,20,0,8,20,4,20
775,5,1,20,0,8,20,8,41
776,5,1,25,1,0,20,10,20
777,5,1,20,0,10,15,6,15
778,5,1,15,0,10,15,8,15
779,5,1,15,0,10,15,4,15
780,5,1,15,0,10,15,3,15
781,5,1,15,0,10,15,8,15
782,5,1,15,0,10,15,9,15
783,5,1,15,0,10,15,10,40
784,5,1,25,1,0,20,8,20
785,5,1,20,0,8,15,8,36
786,5,1,36,1,0,31,5,31
787,5,1,31,0,5,26,6,26
788,5,1,26,0,5,26,8,26
789,5,1,26,0,5,26,10,26
790,5,1,26,0,5,26,4,26
791,5,1,26,0,5,26,5,48
792,5,1,25,1,0,20,11,30
793,5,1,30,1,0,25,6,25
794,5,1,25,0,6,20,12,20
795,5,1,20,0,6,20,8,20
796,5,1,20,0,6,20,4,20
797,5,1,20,0,6,20,9,20
798,5,1,20,0,6,20,5,20
799,5,1,20,0,6,20,4,20
800,5,1,20,0,6,20,7,20
801,5,1,20,1,0,15,5,15
802,5,1,15,0,5,10,9,10
803,5,1,10,0,5,10,4,10
804,5,1,10,0,5,10,9,10
805,5,1,10,0,5,10,11,10
806,5,1,10,0,5,10,10,10
807,5,1,10,0,5,10,11,10
808,5,1,10,0,5,10,4,10
809,5,1,10,0,5,10,3,10
810,5,1,10,0,5,10,6,10
811,5,1,10,0,5,10,7,10
812,5,1,10,1,0,5,9,5
813,5,1,5,0,9,0,12,0
814,5,1,0,0,9,0,8,0
815,5,1,0,0,9,0,6,0
816,5,1,0,0,9,0,11,0
817,5,1,0,0,9,0,9,22
818,5,1,22,1,0,17,12,17
819,5,1,17,1,0,12,7,22
820,5,1,22,1,0,17,7,27
821,5,1,27,1,0,22,11,32
822,5,1,32,1,0,27,11,37
823,5,1,37,1,0,32,10,32
824,5,1,32,0,10,27,12,27
825,5,1,27,0,10,27,8,27
826,5,1,27,0,10,27,7,27
827,5,1,27,1,0,22,5,22
828,5,1,22,0,5,17,7,17
829,5,1,17,1,0,12,6,12
830,5,1,12,0,6,7,8,7
831,5,1,7,0,6,7,5,7
832,5,1,7,0,6,7,3,7
833,5,1,7,0,6,7,5,7
834,5,1,7,0,6,7,9,7
835,5,1,7,0,6,7,7,7
836,5,1,7,1,0,2,5,2
837,5,1,2,0,5,2,9,2
838,5,1,2,0,5,2,7,2
839,5,1,25,1,0,20,3,20
840,5,1,20,1,0,15,9,15
841,5,1,15,0,9,10,7,10
842,5,1,10,1,0,5,8,5
843,5,1,5,0,8,0,6,0
844,5,1,0,0,8,0,2,0
845,5,1,0,0,8,0,7,0
846,5,1,25,1,0,20,7,30
847,5,1,30,1,0,25,4,25
848,5,1,25,0,4,20,7,20
849,5,1,20,1,0,15,2,15
850,5,1,15,1,0,10,3,10
851,5,1,10,1,0,5,5,5
852,5,1,5,0,5,0,5,22
853,5,1,22,1,0,17,6,17
854,5,1,17,0,6,12,5,12
855,5,1,12,0,6,12,5,12
856,5,1,12,0,6,12,7,12
857,5,1,12,1,0,7,7,17
858,5,1,17,1,0,12,8,12
859,5,1,12,0,8,7,8,28
860,5,1,28,1,0,23,8,23
861,5,1,23,0,8,18,5,18
862,5,1,18,0,8,18,9,18
863,5,1,18,0,8,18,6,18
864,5,1,18,0,8,18,6,18
865,5,1,18,0,8,18,11,18
866,5,1,18,0,8,18,10,18
867,5,1,18,0,8,18,6,18
868,5,1,18,0,8,18,6,18
869,5,1,18,0,8,18,4,18
870,5,1,18,0,8,18,8,39
871,5,1,25,1,0,20,9,20
872,5,1,20,0,9,15,7,15
873,5,1,15,1,0,10,8,10
874,5,1,10,0,8,5,8,26
875,5,1,26,1,0,21,9,21
876,5,1,21,0,9,16,3,16
877,5,1,16,0,9,16,6,16
878,5,1,16,0,9,16,7,16
879,5,1,16,1,0,11,2,11
880,5,1,11,1,0,6,5,6
881,5,1,6,0,5,1,3,1
882,5,1,1,0,5,1,7,1
883,5,1,25,1,0,20,3,20
884,5,1,20,1,0,15,7,25
885,5,1,25,1,0,20,9,20
886,5,1,20,0,9,15,6,15
887,5,1,15,0,9,15,7,15
888,5,1,15,1,0,10,11,20
889,5,1,20,1,0,15,7,25
890,5,1,25,1,0,20,7,30
891,5,1,30,1,0,25,4,25
892,5,1,25,0,4,20,3,20
893,5,1,20,0,4,20,2,20
894,5,1,20,0,4,20,7,20
895,5,1,20,1,0,15,4,15
896,5,1,15,0,4,10,3,10
897,5,1,10,0,4,10,10,10
898,5,1,10,0,4,10,9,10
899,5,1,10,0,4,10,9,10
900,5,1,10,0,4,10,7,10
901,5,1,10,1,0,5,7,15
902,5,1,15,1,0,10,4,10
903,5,1,10,0,4,5,5,5
904,5,1,5,0,4,5,9,5
905,5,1,5,0,4,5,6,5
906,5,1,5,0,4,5,4,30
907,5,1,30,1,0,25,3,25
908,5,1,25,1,0,20,3,20
909,5,1,20,1,0,15,6,15
910,5,1,15,0,6,10,8,10
911,5,1,10,0,6,10,10,10
912,5,1,10,0,6,10,6,31
913,5,1,31,1,0,26,10,26
914,5,1,26,0,10,21,8,21
915,5,1,21,0,10,21,10,46
916,5,1,25,1,0,20,9,20
917,5,1,20,0,9,15,8,15
918,5,1,15,0,9,15,6,15
919,5,1,15,0,9,15,11,15
920,5,1,15,0,9,15,8,15
921,5,1,15,0,9,15,4,15
922,5,1,15,0,9,15,8,15
923,5,1,15,0,9,15,9,37
924,5,1,37,1,0,32,10,32
925,5,1,32,0,10,27,11,27
926,5,1,27,0,10,27,6,27
927,5,1,27,0,10,27,8,27
928,5,1,27,0,10,27,7,27
929,5,1,27,1,0,22,9,22
930,5,1,22,0,9,17,8,17
931,5,1,17,0,9,17,6,17
932,5,1,17,0,9,17,8,17
933,5,1,17,0,9,17,11,17
934,5,1,17,0,9,17,6,17
935,5,1,17,0,9,17,5,17
936,5,1,17,0,9,17,9,39
937,5,1,25,1,0,20,6,20
938,5,1,20,0,6,15,10,15
939,5,1,15,0,6,15,10,15
940,5,1,15,0,6,15,10,15
941,5,1,15,0,6,15,5,15
942,5,1,15,0,6,15,5,15
943,5,1,15,0,6,15,5,15
944,5,1,15,0,6,15,9,15
945,5,1,15,0,6,15,7,15
946,5,1,15,1,0,10,6,10
947,5,1,10,0,6,5,4,5
948,5,1,5,0,6,5,5,5
949,5,1,5,0,6,5,7,5
950,5,1,5,1,0,0,7,10
951,5,1,10,1,0,5,9,5
952,5,1,5,0,9,0,5,0
953,5,1,0,0,9,0,9,22
954,5,1,22,1,0,17,9,17
955,5,1,17,0,9,12,6,12
956,5,1,12,0,9,12,10,12
957,5,1,12,0,9,12,5,12
958,5,1,12,0,9,12,7,12
959,5,1,12,1,0,7,8,7
960,5,1,7,0,8,2,10,2
961,5,1,2,0,8,2,10,2
962,5,1,2,0,8,2,7,2
963,5,1,25,1,0,20,8,20
964,5,1,20,0,8,15,10,15
965,5,1,15,0,8,15,11,15
966,5,1,15,0,8,15,8,36
967,5,1,36,1,0,31,6,31
968,5,1,31,0,6,26,5,26
969,5,1,26,0,6,26,8,26
970,5,1,26,0,6,26,4,26
971,5,1,26,0,6,26,2,26
972,5,1,26,0,6,26,10,26
973,5,1,26,0,6,26,7,26
974,5,1,26,1,0,21,6,21
975,5,1,21,0,6,16,10,16
976,5,1,16,0,6,16,7,16
977,5,1,16,1,0,11,7,21
978,5,1,21,1,0,16,5,16
979,5,1,16,0,5,11,6,11
980,5,1,11,0,5,11,8,11
981,5,1,11,0,5,11,5,33
982,5,1,33,1,0,28,11,38
983,5,1,25,1,0,20,6,20
984,5,1,20,0,6,15,6,36
985,5,1,36,1,0,31,11,41
986,5,1,25,1,0,20,9,20
987,5,1,20,0,9,15,2,15
988,5,1,15,0,9,15,11,15
989,5,1,15,0,9,15,3,15
990,5,1,15,0,9,15,7,15
991,5,1,15,1,0,10,4,10
992,5,1,10,0,4,5,7,5
993,5,1,5,1,0,0,8,0
994,5,1,0,0,8,0,9,0
995,5,1,0,0,8,0,6,0
996,5,1,0,0,8,0,6,0
997,5,1,0,0,8,0,9,0
998,5,1,0,0,8,0,7,0
999,5,1,25,1,0,20,7,30
1000,5,1,30,1,0,25,6,25
1001,5,1,25,0,6,20,10,20
1002,5,1,20,0,6,20,3,20
1003,5,1,20,0,6,20,3,20
1004,5,1,20,0,6,20,4,20
1005,5,1,20,0,6,20,8,20
1006,5,1,20,0,6,20,5,20
1007,5,1,20,0,6,20,7,20
1008,5,1,20,1,0,15,8,15
1009,5,1,15,0,8,10,5,10
1010,5,1,10,0,8,10,7,10
1011,5,1,10,1,0,5,8,5
1012,5,1,5,0,8,0,10,0
1013,5,1,0,0,8,0,8,21
1014,5,1,21,1,0,16,6,16
1015,5,1,16,0,6,11,6,32
1016,5,1,32,1,0,27,8,27
1017,5,1,27,0,8,22,6,22
1018,5,1,22,0,8,22,10,22
1019,5,1,22,0,8,22,5,22
1020,5,1,22,0,8,22,7,22
1021,5,1,22,1,0,17,5,17
1022,5,1,17,0,5,12,10,12
1023,5,1,12,0,5,12,5,34
1024,5,1,34,1,0,29,7,39
1025,5,1,25,1,0,20,7,30
1026,5,1,30,1,0,25,8,25
1027,5,1,25,0,8,20,9,20
1028,5,1,20,0,8,20,5,20
1029,5,1,20,0,8,20,9,20
1030,5,1,20,0,8,20,5,20
1031,5,1,20,0,8,20,6,20
1032,5,1,20,0,8,20,10,20
1033,5,1,20,0,8,20,11,20
1034,5,1,20,0,8,20,4,20
1035,5,1,20,0,8,20,10,20
1036,5,1,20,0,8,20,6,20
1037,5,1,20,0,8,20,5,20
1038,5,1,20,0,8,20,10,20
1039,5,1,20,0,8,20,8,41
1040,5,1,25,1,0,20,9,20
1041,5,1,20,0,9,15,10,15
1042,5,1,15,0,9,15,8,15
1043,5,1,15,0,9,15,5,15
1044,5,1,15,0,9,15,10,15
1045,5,1,15,0,9,15,10,15
1046,5,1,15,0,9,15,7,15
1047,5,1,15,1,0,10,12,10
1048,5,1,10,1,0,5,3,5
1049,5,1,5,1,0,0,12,0
1050,5,1,25,1,0,20,9,20
1051,5,1,20,0,9,15,8,15
1052,5,1,15,0,9,15,8,15
1053,5,1,15,0,9,15,12,15
1054,5,1,15,0,9,15,10,15
1055,5,1,15,0,9,15,9,37
1056,5,1,37,1,0,32,4,32
1057,5,1,32,0,4,27,2,27
1058,5,1,27,0,4,27,6,27
1059,5,1,27,0,4,27,7,27
1060,5,1,27,1,0,22,6,22
1061,5,1,22,0,6,17,7,17
1062,5,1,17,1,0,12,6,12
1063,5,1,12,0,6,7,5,7
1064,5,1,7,0,6,7,5,7
1065,5,1,7,0,6,7,8,7
1066,5,1,7,0,6,7,11,7
1067,5,1,7,0,6,7,9,7
1068,5,1,7,0,6,7,3,7
1069,5,1,7,0,6,7,6,28
1070,5,1,28,1,0,23,9,23
1071,5,1,23,0,9,18,6,18
1072,5,1,18,0,9,18,6,18
1073,5,1,18,0,9,18,10,18
1074,5,1,18,0,9,18,10,18
1075,5,1,18,0,9,18,6,18
1076,5,1,18,0,9,18,4,18
1077,5,1,18,0,9,18,6,18
1078,5,1,18,0,9,18,5,18
1079,5,1,18,0,9,18,3,18
1080,5,1,18,0,9,18,7,18
1081,5,1,18,1,0,13,9,13
1082,5,1,13,0,9,8,5,8
1083,5,1,8,0,9,8,4,8
1084,5,1,8,0,9,8,5,8
1085,5,1,8,0,9,8,10,8
1086,5,1,8,0,9,8,5,8
1087,5,1,8,0,9,8,5,8
1088,5,1,8,0,9,8,8,8
1089,5,1,8,0,9,8,4,8
1090,5,1,8,0,9,8,7,8
1091,5,1,8,1,0,3,2,3
1092,5,1,25,1,0,20,6,20
1093,5,1,20,0,6,15,8,15
1094,5,1,15,0,6,15,6,36
1095,5,1,36,1,0,31,4,31
1096,5,1,31,0,4,26,7,26
1097,5,1,26,1,0,21,7,31
1098,5,1,31,1,0,26,4,26
1099,5,1,26,0,4,21,10,21
1100,5,1,21,0,4,21,7,21
1101,5,1,21,1,0,16,7,26
1102,5,1,26,1,0,21,6,21
1103,5,1,21,0,6,16,10,16
1104,5,1,16,0,6,16,5,16
1105,5,1,16,0,6,16,7,16
1106,5,1,16,1,0,11,9,11
1107,5,1,11,0,9,6,8,6
1108,5,1,6,0,9,6,11,6
1109,5,1,6,0,9,6,6,6
1110,5,1,6,0,9,6,9,28
1111,5,1,28,1,0,23,9,23
1112,5,1,23,0,9,18,3,18
1113,5,1,18,0,9,18,8,18
1114,5,1,18,0,9,18,4,18
1115,5,1,18,0,9,18,4,18
1116,5,1,18,0,9,18,9,40
1117,5,1,25,1,0,20,11,30
1118,5,1,30,1,0,25,9,25
1119,5,1,25,0,9,20,8,20
1120,5,1,20,0,9,20,8,20
1121,5,1,20,0,9,20,9,42
1122,5,1,25,1,0,20,8,20
1123,5,1,20,0,8,15,6,15
1124,5,1,15,0,8,15,3,15
1125,5,1,15,0,8,15,11,15
1126,5,1,15,0,8,15,7,15
1127,5,1,15,1,0,10,8,10
1128,5,1,10,0,8,5,4,5
1129,5,1,5,0,8,5,2,5
1130,5,1,5,0,8,5,7,5
1131,5,1,5,1,0,0,8,0
1132,5,1,0,0,8,0,2,0
1133,5,1,0,0,8,0,11,0
1134,5,1,0,0,8,0,5,0
1135,5,1,0,0,8,0,6,0
1136,5,1,0,0,8,0,5,0
1137,5,1,0,0,8,0,4,0
1138,5,1,0,0,8,0,9,0
1139,5,1,0,0,8,0,12,0
1140,5,1,0,0,8,0,10,0
1141,5,1,0,0,8,0,4,0
1142,5,1,0,0,8,0,3,0
1143,5,1,0,0,8,0,10,0
1144,5,1,0,0,8,0,5,0
1145,5,1,0,0,8,0,7,0
1146,5,1,25,1,0,20,6,20
1147,5,1,20,0,6,15,9,15
1148,5,1,15,0,6,15,7,15
1149,5,1,15,1,0,10,3,10
1150,5,1,10,1,0,5,6,5
1151,5,1,5,0,6,0,7,0
1152,5,1,25,1,0,20,6,20
1153,5,1,20,0,6,15,4,15
1154,5,1,15,0,6,15,10,15
1155,5,1,15,0,6,15,5,15
1156,5,1,15,0,6,15,2,15
1157,5,1,15,0,6,15,11,15
1158,5,1,15,0,6,15,8,15
1159,5,1,15,0,6,15,9,15
1160,5,1,15,0,6,15,9,15
1161,5,1,15,0,6,15,5,15
1162,5,1,15,0,6,15,9,15
1163,5,1,15,0,6,15,8,15
1164,5,1,15,0,6,15,6,36
1165,5,1,36,1,0,31,7,41
1166,5,1,25,1,0,20,2,20
1167,5,1,20,1,0,15,9,15
1168,5,1,15,0,9,10,6,10
1169,5,1,10,0,9,10,4,10
1170,5,1,10,0,9,10,10,10
1171,5,1,10,0,9,10,7,10
1172,5,1,10,1,0,5,7,15
1173,5,1,15,1,0,10,10,10
1174,5,1,10,0,10,5,8,5
1175,5,1,5,0,10,5,10,30
1176,5,1,30,1,0,25,9,25
1177,5,1,25,0,9,20,8,20
1178,5,1,20,0,9,20,11,20
1179,5,1,20,0,9,20,9,42
1180,5,1,25,1,0,20,9,20
1181,5,1,20,0,9,15,7,15
1182,5,1,15,1,0,10,7,20
1183,5,1,20,1,0,15,9,15
1184,5,1,15,0,9,10,6,10
1185,5,1,10,0,9,10,7,10
1186,5,1,10,1,0,5,7,15
1187,5,1,15,1,0,10,4,10
1188,5,1,10,0,4,5,6,5
1189,5,1,5,0,4,5,4,30
1190,5,1,30,1,0,25,8,25
1191,5,1,25,0,8,20,7,20
1192,5,1,20,1,0,15,5,15
1193,5,1,15,0,5,10,3,10
1194,5,1,10,0,5,10,7,10
1195,5,1,10,1,0,5,5,5
1196,5,1,5,0,5,0,4,0
1197,5,1,0,0,5,0,7,0
1198,5,1,25,1,0,20,7,30
1199,5,1,30,1,0,25,4,25
1200,5,1,25,0,4,20,7,20
1201,5,1,20,1,0,15,12,15
1202,5,1,15,1,0,10,12,10
1203,5,1,10,1,0,5,9,5
1204,5,1,5,0,9,0,5,0
1205,5,1,0,0,9,0,9,22
1206,5,1,22,1,0,17,8,17
1207,5,1,17,0,8,12,5,12
1208,5,1,12,0,8,12,9,12
1209,5,1,12,0,8,12,3,12
1210,5,1,12,0,8,12,11,12
1211,5,1,12,0,8,12,8,33
1212,5,1,33,1,0,28,9,28
1213,5,1,28,0,9,23,5,23
1214,5,1,23,0,9,23,7,23
1215,5,1,23,1,0,18,6,18
1216,5,1,18,0,6,13,10,13
1217,5,1,13,0,6,13,10,13
1218,5,1,13,0,6,13,7,13
1219,5,1,13,1,0,8,7,18
1220,5,1,18,1,0,13,9,13
1221,5,1,13,0,9,8,5,8
1222,5,1,8,0,9,8,9,30
1223,5,1,30,1,0,25,8,25
1224,5,1,25,0,8,20,7,20
1225,5,1,20,1,0,15,10,15
1226,5,1,15,0,10,10,6,10
1227,5,1,10,0,10,10,10,35
1228,5,1,35,1,0,30,7,40
1229,5,1,25,1,0,20,9,20
1230,5,1,20,0,9,15,7,15
1231,5,1,15,1,0,10,11,20
1232,5,1,20,1,0,15,9,15
1233,5,1,15,0,9,10,11,10
1234,5,1,10,0,9,10,4,10
1235,5,1,10,0,9,10,5,10
1236,5,1,10,0,9,10,9,32
1237,5,1,32,1,0,27,7,37
1238,5,1,37,1,0,32,4,32
1239,5,1,32,0,4,27,8,27
1240,5,1,27,0,4,27,8,27
1241,5,1,27,0,4,27,5,27
1242,5,1,27,0,4,27,11,27
1243,5,1,27,0,4,27,8,27
1244,5,1,27,0,4,27,7,27
1245,5,1,27,1,0,22,7,32
1246,5,1,32,1,0,27,3,27
1247,5,1,27,1,0,22,4,22
1248,5,1,22,0,4,17,7,17
1249,5,1,17,1,0,12,4,12
1250,5,1,12,0,4,7,3,7
1251,5,1,7,0,4,7,4,32
1252,5,1,32,1,0,27,4,27
1253,5,1,27,0,4,22,8,22
1254,5,1,22,0,4,22,10,22
1255,5,1,22,0,4,22,6,22
1256,5,1,22,0,4,22,4,47
1257,5,1,25,1,0,20,6,20
1258,5,1,20,0,6,15,11,15
1259,5,1,15,0,6,15,3,15
1260,5,1,15,0,6,15,10,15
1261,5,1,15,0,6,15,3,15
1262,5,1,15,0,6,15,6,36
1263,5,1,36,1,0,31,4,31
1264,5,1,31,0,4,26,12,26
1265,5,1,26,0,4,26,4,51
1266,5,1,25,1,0,20,6,20
1267,5,1,20,0,6,15,4,15
1268,5,1,15,0,6,15,7,15
1269,5,1,15,1,0,10,8,10
1270,5,1,10,0,8,5,3,5
1271,5,1,5,0,8,5,6,5
1272,5,1,5,0,8,5,6,5
1273,5,1,5,0,8,5,9,5
1274,5,1,5,0,8,5,9,5
1275,5,1,5,0,8,5,4,5
1276,5,1,5,0,8,5,7,5
1277,5,1,5,1,0,0,8,0
1278,5,1,0,0,8,0,12,0
1279,5,1,0,0,8,0,5,0
1280,5,1,0,0,8,0,10,0
1281,5,1,0,0,8,0,6,0
1282,5,1,0,0,8,0,9,0
1283,5,1,0,0,8,0,7,0
1284,5,1,25,1,0,20,2,20
1285,5,1,20,1,0,15,11,25
1286,5,1,25,1,0,20,4,20
1287,5,1,20,0,4,15,7,15
1288,5,1,15,1,0,10,7,20
1289,5,1,20,1,0,15,7,25
1290,5,1,25,1,0,20,7,30
1291,5,1,30,1,0,25,7,35
1292,5,1,35,1,0,30,10,30
1293,5,1,30,0,10,25,6,25
1294,5,1,25,0,10,25,8,25
1295,5,1,25,0,10,25,4,25
1296,5,1,25,0,10,25,5,25
1297,5,1,25,0,10,25,5,25
1298,5,1,25,0,10,25,6,25
1299,5,1,25,0,10,25,8,25
1300,5,1,25,0,10,25,4,25
1301,5,1,25,0,10,25,10,50
1302,5,1,25,1,0,20,5,20
1303,5,1,20,0,5,15,11,15
1304,5,1,15,0,5,15,6,15
1305,5,1,15,0,5,15,7,15
1306,5,1,15,1,0,10,6,10
1307,5,1,10,0,6,5,5,5
1308,5,1,5,0,6,5,7,5
1309,5,1,5,1,0,0,3,0
1310,5,1,25,1,0,20,8,20
1311,5,1,20,0,8,15,6,15
1312,5,1,15,0,8,15,11,15
1313,5,1,15,0,8,15,6,15
1314,5,1,15,0,8,15,9,15
1315,5,1,15,0,8,15,11,15
1316,5,1,15,0,8,15,6,15
1317,5,1,15,0,8,15,6,15
1318,5,1,15,0,8,15,7,15
1319,5,1,15,1,0,10,4,10
1320,5,1,10,0,4,5,4,30
1321,5,1,30,1,0,25,5,25
1322,5,1,25,0,5,20,9,20
1323,5,1,20,0,5,20,8,20
1324,5,1,20,0,5,20,8,20
1325,5,1,20,0,5,20,8,20
1326,5,1,20,0,5,20,7,20
1327,5,1,20,1,0,15,7,25
1328,5,1,25,1,0,20,6,20
1329,5,1,20,0,6,15,10,15
1330,5,1,15,0,6,15,10,15
1331,5,1,15,0,6,15,5,15
1332,5,1,15,0,6,15,5,15
1333,5,1,15,0,6,15,12,15
1334,5,1,15,0,6,15,6,36
1335,5,1,36,1,0,31,7,41
1336,5,1,25,1,0,20,11,30
1337,5,1,30,1,0,25,5,25
1338,5,1,25,0,5,20,7,20
1339,5,1,20,1,0,15,7,25
1340,5,1,25,1,0,20,5,20
1341,5,1,20,0,5,15,8,15
1342,5,1,15,0,5,15,8,15
1343,5,1,15,0,5,15,6,15
1344,5,1,15,0,5,15,8,15
1345,5,1,15,0,5,15,9,15
1346,5,1,15,0,5,15,10,15
1347,5,1,15,0,5,15,8,15
1348,5,1,15,0,5,15,6,15
1349,5,1,15,0,5,15,5,37
1350,5,1,37,1,0,32,9,32
1351,5,1,32,0,9,27,4,27
1352,5,1,27,0,9,27,6,27
1353,5,1,27,0,9,27,5,27
1354,5,1,27,0,9,27,7,27
1355,5,1,27,1,0,22,10,22
1356,5,1,22,0,10,17,5,17
1357,5,1,17,0,10,17,7,17
1358,5,1,17,1,0,12,9,12
1359,5,1,12,0,9,7,9,29
1360,5,1,29,1,0,24,6,24
1361,5,1,24,0,6,19,8,19
1362,5,1,19,0,6,19,5,19
1363,5,1,19,0,6,19,6,40
1364,5,1,25,1,0,20,4,20
1365,5,1,20,0,4,15,11,15
1366,5,1,15,0,4,15,9,15
1367,5,1,15,0,4,15,8,15
1368,5,1,15,0,4,15,8,15
1369,5,1,15,0,4,15,9,15
1370,5,1,15,0,4,15,3,15
1371,5,1,15,0,4,15,4,40
1372,5,1,25,1,0,20,7,30
1373,5,1,30,1,0,25,11,35
1374,5,1,35,1,0,30,6,30
1375,5,1,30,0,6,25,4,25
1376,5,1,25,0,6,25,5,25
1377,5,1,25,0,6,25,8,25
1378,5,1,25,0,6,25,6,46
1379,5,1,25,1,0,20,5,20
1380,5,1,20,0,5,15,8,15
1381,5,1,15,0,5,15,7,15
1382,5,1,15,1,0,10,6,10
1383,5,1,10,0,6,5,10,5
1384,5,1,5,0,6,5,3,5
1385,5,1,5,0,6,5,5,5
1386,5,1,5,0,6,5,3,5
1387,5,1,5,0,6,5,2,5
1388,5,1,5,0,6,5,12,5
1389,5,1,5,0,6,5,3,5
1390,5,1,5,0,6,5,7,5
1391,5,1,5,1,0,0,10,0
1392,5,1,0,0,10,0,3,0
1393,5,1,0,0,10,0,8,0
1394,5,1,0,0,10,0,12,0
1395,5,1,0,0,10,0,10,10
1396,5,1,10,1,0,5,8,5
1397,5,1,5,0,8,0,9,0
1398,5,1,0,0,8,0,6,0
1399,5,1,0,0,8,0,5,0
1400,5,1,0,0,8,0,3,0
1401,5,1,0,0,8,0,7,0
1402,5,1,25,1,0,20,5,20
1403,5,1,20,0,5,15,4,15
1404,5,1,15,0,5,15,11,15
1405,5,1,15,0,5,15,4,15
1406,5,1,15,0,5,15,4,15
1407,5,1,15,0,5,15,8,15
1408,5,1,15,0,5,15,6,15
1409,5,1,15,0,5,15,10,15
1410,5,1,15,0,5,15,6,15
1411,5,1,15,0,5,15,7,15
1412,5,1,15,1,0,10,8,10
1413,5,1,10,0,8,5,8,26
1414,5,1,26,1,0,21,6,21
1415,5,1,21,0,6,16,6,37
1416,5,1,37,1,0,32,6,32
1417,5,1,32,0,6,27,8,27
1418,5,1,27,0,6,27,4,27
1419,5,1,27,0,6,27,7,27
1420,5,1,27,1,0,22,3,22
1421,5,1,22,1,0,17,7,27
1422,5,1,27,1,0,22,8,22
1423,5,1,22,0,8,17,11,17
1424,5,1,17,0,8,17,8,38
1425,5,1,25,1,0,20,10,20
1426,5,1,20,0,10,15,11,15
1427,5,1,15,0,10,15,7,15
1428,5,1,15,1,0,10,7,20
1429,5,1,20,1,0,15,7,25
1430,5,1,25,1,0,20,2,20
1431,5,1,20,1,0,15,8,15
1432,5,1,15,0,8,10,8,31
1433,5,1,31,1,0,26,9,26
1434,5,1,26,0,9,21,7,21
1435,5,1,21,1,0,16,6,16
1436,5,1,16,0,6,11,7,11
1437,5,1,11,1,0,6,6,6
1438,5,1,6,0,6,1,6,22
1439,5,1,22,1,0,17,10,17
1440,5,1,17,0,10,12,4,12
1441,5,1,12,0,10,12,4,12
1442,5,1,12,0,10,12,11,12
1443,5,1,12,0,10,12,5,12
1444,5,1,12,0,10,12,7,12
1445,5,1,12,1,0,7,9,7
1446,5,1,7,0,9,2,8,2
1447,5,1,2,0,9,2,11,2
1448,5,1,2,0,9,2,8,2
1449,5,1,2,0,9,2,6,2
1450,5,1,2,0,9,2,6,2
1451,5,1,2,0,9,2,7,2
1452,5,1,25,1,0,20,6,20
1453,5,1,20,0,6,15,10,15
1454,5,1,15,0,6,15,8,15
1455,5,1,15,0,6,15,9,15
1456,5,1,15,0,6,15,9,15
1457,5,1,15,0,6,15,4,15
1458,5,1,15,0,6,15,6,36
1459,5,1,36,1,0,31,9,31
1460,5,1,31,0,9,26,7,26
1461,5,1,26,1,0,21,11,31
1462,5,1,31,1,0,26,6,26
1463,5,1,26,0,6,21,5,21
1464,5,1,21,0,6,21,7,21
1465,5,1,21,1,0,16,8,16
1466,5,1,16,0,8,11,4,11
1467,5,1,11,0,8,11,7,11
1468,5,1,11,1,0,6,5,6
1469,5,1,6,0,5,1,6,1
1470,5,1,1,0,5,1,5,23
1471,5,1,23,1,0,18,5,18
1472,5,1,18,0,5,13,9,13
1473,5,1,13,0,5,13,2,13
1474,5,1,13,0,5,13,11,13
1475,5,1,13,0,5,13,9,13
1476,5,1,13,0,5,13,8,13
1477,5,1,13,0,5,13,9,13
1478,5,1,13,0,5,13,7,13
1479,5,1,13,1,0,8,5,8
1480,5,1,8,0,5,3,2,3
1481,5,1,3,0,5,3,8,3
1482,5,1,3,0,5,3,8,3
1483,5,1,3,0,5,3,7,3
1484,5,1,25,1,0,20,7,30
1485,5,1,30,1,0,25,8,25
1486,5,1,25,0,8,20,2,20
1487,5,1,20,0,8,20,8,41
1488,5,1,25,1,0,20,2,20
1489,5,1,20,1,0,15,5,15
1490,5,1,15,0,5,10,8,10
1491,5,1,10,0,5,10,10,10
1492,5,1,10,0,5,10,7,10
1493,5,1,10,1,0,5,7,15
1494,5,1,15,1,0,10,7,20
1495,5,1,20,1,0,15,9,15
1496,5,1,15,0,9,10,8,10
1497,5,1,10,0,9,10,4,10
1498,5,1,10,0,9,10,2,10
1499,5,1,10,0,9,10,4,10
1500,5,1,10,0,9,10,8,10
1501,5,1,10,0,9,10,7,10
1502,5,1,10,1,0,5,9,5
1503,5,1,5,0,9,0,9,22
1504,5,1,22,1,0,17,4,17
1505,5,1,17,0,4,12,6,12
1506,5,1,12,0,4,12,7,12
1507,5,1,12,1,0,7,7,17
1508,5,1,17,1,0,12,9,12
1509,5,1,12,0,9,7,4,7
1510,5,1,7,0,9,7,7,7
1511,5,1,7,1,0,2,9,2
1512,5,1,2,0,9,2,3,2
1513,5,1,2,0,9,2,8,2
1514,5,1,2,0,9,2,6,2
1515,5,1,2,0,9,2,8,2
1516,5,1,2,0,9,2,5,2
1517,5,1,2,0,9,2,4,2
1518,5,1,2,0,9,2,8,2
1519,5,1,2,0,9,2,8,2
1520,5,1,2,0,9,2,10,2
1521,5,1,2,0,9,2,7,2
1522,5,1,25,1,0,20,6,20
1523,5,1,20,0,6,15,5,15
1524,5,1,15,0,6,15,4,15
1525,5,1,15,0,6,15,4,15
1526,5,1,15,0,6,15,4,15
1527,5,1,15,0,6,15,3,15
1528,5,1,15,0,6,15,4,15
1529,5,1,15,0,6,15,5,15
1530,5,1,15,0,6,15,8,15
1531,5,1,15,0,6,15,9,15
1532,5,1,15,0,6,15,5,15
1533,5,1,15,0,6,15,6,36
1534,5,1,36,1,0,31,9,31
1535,5,1,31,0,9,26,6,26
1536,5,1,26,0,9,26,9,48
1537,5,1,25,1,0,20,11,30
1538,5,1,30,1,0,25,8,25
1539,5,1,25,0,8,20,5,20
1540,5,1,20,0,8,20,4,20
1541,5,1,20,0,8,20,10,20
1542,5,1,20,0,8,20,8,41
1543,5,1,25,1,0,20,9,20
1544,5,1,20,0,9,15,11,15
1545,5,1,15,0,9,15,9,37
1546,5,1,37,1,0,32,5,32
1547,5,1,32,0,5,27,10,27
1548,5,1,27,0,5,27,8,27
1549,5,1,27,0,5,27,7,27
1550,5,1,27,1,0,22,12,22
1551,5,1,22,1,0,17,7,27
1552,5,1,27,1,0,22,5,22
1553,5,1,22,0,5,17,7,17
1554,5,1,17,1,0,12,9,12
1555,5,1,12,0,9,7,8,7
1556,5,1,7,0,9,7,7,7
1557,5,1,7,1,0,2,5,2
1558,5,1,2,0,5,2,12,2
1559,5,1,2,0,5,2,7,2
1560,5,1,25,1,0,20,10,20
1561,5,1,20,0,10,15,7,15
1562,5,1,15,1,0,10,5,10
1563,5,1,10,0,5,5,8,5
1564,5,1,5,0,5,5,6,5
1565,5,1,5,0,5,5,7,5
1566,5,1,5,1,0,0,7,10
1567,5,1,10,1,0,5,4,5
1568,5,1,5,0,4,0,4,25
1569,5,1,25,1,0,20,10,20
1570,5,1,20,0,10,15,4,15
1571,5,1,15,0,10,15,5,15
1572,5,1,15,0,10,15,9,15
1573,5,1,15,0,10,15,6,15
1574,5,1,15,0,10,15,12,15
1575,5,1,15,0,10,15,7,15
1576,5,1,15,1,0,10,4,10
1577,5,1,10,0,4,5,6,5
1578,5,1,5,0,4,5,11,5
1579,5,1,5,0,4,5,5,5
1580,5,1,5,0,4,5,10,5
1581,5,1,5,0,4,5,4,30
1582,5,1,30,1,0,25,5,25
1583,5,1,25,0,5,20,6,20
1584,5,1,20,0,5,20,8,20
1585,5,1,20,0,5,20,10,20
1586,5,1,20,0,5,20,8,20
1587,5,1,20,0,5,20,12,20
1588,5,1,20,0,5,20,10,20
1589,5,1,20,0,5,20,6,20
1590,5,1,20,0,5,20,6,20
1591,5,1,20,0,5,20,5,42
1592,5,1,25,1,0,20,5,20
1593,5,1,20,0,5,15,10,15
1594,5,1,15,0,5,15,7,15
1595,5,1,15,1,0,10,9,10
1596,5,1,10,0,9,5,7,5
1597,5,1,5,1,0,0,9,0
1598,5,1,0,0,9,0,6,0
1599,5,1,0,0,9,0,6,0
1600,5,1,0,0,9,0,7,0
1601,5,1,25,1,0,20,8,20
1602,5,1,20,0,8,15,6,15
1603,5,1,15,0,8,15,2,15
1604,5,1,15,0,8,15,6,15
1605,5,1,15,0,8,15,10,15
1606,5,1,15,0,8,15,8,36
1607,5,1,36,1,0,31,5,31
1608,5,1,31,0,5,26,7,26
1609,5,1,26,1,0,21,8,21
1610,5,1,21,0,8,16,3,16
1611,5,1,16,0,8,16,6,16
1612,5,1,16,0,8,16,7,16
1613,5,1,16,1,0,11,10,11
1614,5,1,11,0,10,6,2,6
1615,5,1,6,0,10,6,8,6
1616,5,1,6,0,10,6,9,6
1617,5,1,6,0,10,6,2,6
1618,5,1,6,0,10,6,9,6
1619,5,1,6,0,10,6,4,6
1620,5,1,6,0,10,6,6,6
1621,5,1,6,0,10,6,6,6
1622,5,1,6,0,10,6,4,6
1623,5,1,6,0,10,6,8,6
1624,5,1,6,0,10,6,10,31
1625,5,1,31,1,0,26,7,36
1626,5,1,36,1,0,31,2,31
1627,5,1,31,1,0,26,9,26
1628,5,1,26,0,9,21,5,21
1629,5,1,21,0,9,21,8,21
1630,5,1,21,0,9,21,8,21
1631,5,1,21,0,9,21,6,21
1632,5,1,21,0,9,21,7,21
1633,5,1,21,1,0,16,10,16
1634,5,1,16,0,10,11,8,11
1635,5,1,11,0,10,11,4,11
1636,5,1,11,0,10,11,7,11
1637,5,1,11,1,0,6,6,6
1638,5,1,6,0,6,1,7,1
1639,5,1,25,1,0,20,7,30
1640,5,1,30,1,0,25,3,25
1641,5,1,25,1,0,20,6,20
1642,5,1,20,0,6,15,9,15
1643,5,1,15,0,6,15,7,15
1644,5,1,15,1,0,10,6,10
1645,5,1,10,0,6,5,5,5
1646,5,1,5,0,6,5,8,5
1647,5,1,5,0,6,5,6,26
1648,5,1,26,1,0,21,5,21
1649,5,1,21,0,5,16,5,38
1650,5,1,25,1,0,20,10,20
1651,5,1,20,0,10,15,9,15
1652,5,1,15,0,10,15,7,15
1653,5,1,15,1,0,10,5,10
1654,5,1,10,0,5,5,8,5
1655,5,1,5,0,5,5,9,5
1656,5,1,5,0,5,5,5,27
1657,5,1,27,1,0,22,12,22
1658,5,1,22,1,0,17,8,17
1659,5,1,17,0,8,12,7,12
1660,5,1,12,1,0,7,5,7
1661,5,1,7,0,5,2,11,2
1662,5,1,2,0,5,2,7,2
